date,id,post_url
2017-11-15 13:22:40 GMT,167517407913,https://hamansamabanzai.tumblr.com/post/167517407913
2017-11-15 13:20:43 GMT,167517372028,https://hamansamabanzai.tumblr.com/post/167517372028/shewhositsupontheethroneovnibiru-mall-goths
2017-11-14 15:34:36 GMT,167486997028,https://hamansamabanzai.tumblr.com/post/167486997028/scotchtapeofficial-skyholic-have-a-nice-day
2017-11-13 00:28:31 GMT,167430174408,https://hamansamabanzai.tumblr.com/post/167430174408/benepla-phoneus-blkreginageorge
2017-11-11 04:41:32 GMT,167363231463,https://hamansamabanzai.tumblr.com/post/167363231463
2017-11-11 04:40:32 GMT,167363207148,https://hamansamabanzai.tumblr.com/post/167363207148
2017-11-10 12:21:28 GMT,167337463663,https://hamansamabanzai.tumblr.com/post/167337463663/hyrude-why-are-non-offensive-moves-even-an-option
2017-11-09 15:20:29 GMT,167305788198,https://hamansamabanzai.tumblr.com/post/167305788198
2017-11-08 04:37:54 GMT,167257061173,https://hamansamabanzai.tumblr.com/post/167257061173/jakemorph-genghis-khanye-graatrunk
2017-11-07 21:18:47 GMT,167243969038,https://hamansamabanzai.tumblr.com/post/167243969038/this-is-by-far-the-greatest-thing-ive-found-in-a
